name,hp,atk,def,spa,spd,spe,type1,type2,is_nfe,tier
Abomasnow,90.0,92.0,75.0,92.0,85.0,60.0,6,15,0,10
Abra,25.0,20.0,15.0,105.0,55.0,90.0,16,-1,1,-10
Absol,65.0,130.0,60.0,75.0,60.0,75.0,8,-1,0,10
Accelgor,80.0,70.0,40.0,100.0,60.0,145.0,3,-1,0,30
Aegislash,60.0,50.0,150.0,50.0,150.0,60.0,0,14,0,100
Aerodactyl,80.0,105.0,65.0,60.0,75.0,130.0,7,9,0,30
Aggron,70.0,110.0,180.0,60.0,60.0,50.0,0,7,0,10
Aipom,55.0,70.0,55.0,40.0,55.0,85.0,12,-1,1,0
Alakazam,55.0,50.0,45.0,135.0,95.0,120.0,16,-1,0,80
Alomomola,165.0,75.0,80.0,40.0,45.0,65.0,17,-1,0,70
Altaria,75.0,70.0,90.0,70.0,105.0,80.0,2,9,0,0
Amaura,77.0,59.0,50.0,67.0,63.0,46.0,7,15,1,-10
Ambipom,75.0,100.0,66.0,60.0,66.0,115.0,12,-1,0,30
Amoonguss,114.0,85.0,70.0,85.0,80.0,30.0,6,11,0,70
Ampharos,90.0,75.0,85.0,115.0,90.0,55.0,4,-1,0,0
Anorith,45.0,95.0,50.0,40.0,50.0,75.0,7,3,1,-10
Araquanid,68.0,70.0,92.0,50.0,132.0,42.0,17,3,0,50
Arbok,60.0,95.0,69.0,65.0,79.0,80.0,11,-1,0,0
Arcanine,90.0,110.0,80.0,100.0,80.0,95.0,5,-1,0,50
Arceus,120.0,120.0,120.0,120.0,120.0,120.0,12,-1,0,100
Arceus-Bug,120.0,120.0,120.0,120.0,120.0,120.0,3,-1,0,100
Arceus-Dark,120.0,120.0,120.0,120.0,120.0,120.0,8,-1,0,100
Arceus-Dragon,120.0,120.0,120.0,120.0,120.0,120.0,2,-1,0,100
Arceus-Electric,120.0,120.0,120.0,120.0,120.0,120.0,4,-1,0,100
Arceus-Fairy,120.0,120.0,120.0,120.0,120.0,120.0,1,-1,0,100
Arceus-Fighting,120.0,120.0,120.0,120.0,120.0,120.0,13,-1,0,100
Arceus-Fire,120.0,120.0,120.0,120.0,120.0,120.0,5,-1,0,100
Arceus-Flying,120.0,120.0,120.0,120.0,120.0,120.0,9,-1,0,100
Arceus-Ghost,120.0,120.0,120.0,120.0,120.0,120.0,14,-1,0,100
Arceus-Grass,120.0,120.0,120.0,120.0,120.0,120.0,6,-1,0,100
Arceus-Ground,120.0,120.0,120.0,120.0,120.0,120.0,10,-1,0,100
Arceus-Ice,120.0,120.0,120.0,120.0,120.0,120.0,15,-1,0,100
Arceus-Poison,120.0,120.0,120.0,120.0,120.0,120.0,11,-1,0,100
Arceus-Psychic,120.0,120.0,120.0,120.0,120.0,120.0,16,-1,0,100
Arceus-Rock,120.0,120.0,120.0,120.0,120.0,120.0,7,-1,0,100
Arceus-Steel,120.0,120.0,120.0,120.0,120.0,120.0,0,-1,0,100
Arceus-Water,120.0,120.0,120.0,120.0,120.0,120.0,17,-1,0,100
Archen,55.0,112.0,45.0,74.0,45.0,70.0,7,9,1,-10
Archeops,75.0,140.0,65.0,112.0,65.0,110.0,7,9,0,20
Ariados,70.0,90.0,70.0,60.0,70.0,40.0,3,11,0,0
Armaldo,75.0,125.0,100.0,70.0,80.0,45.0,7,3,0,0
Aromatisse,101.0,72.0,72.0,99.0,89.0,29.0,1,-1,0,20
Aron,50.0,70.0,100.0,40.0,40.0,30.0,0,7,1,-10
Articuno,90.0,85.0,100.0,95.0,125.0,85.0,15,9,0,10
Audino,103.0,60.0,86.0,60.0,86.0,50.0,12,-1,0,10
Aurorus,123.0,77.0,72.0,99.0,92.0,58.0,7,15,0,10
Avalugg,95.0,117.0,184.0,44.0,46.0,28.0,15,-1,0,0
Axew,46.0,87.0,60.0,30.0,40.0,57.0,2,-1,1,-10
Azelf,75.0,125.0,70.0,125.0,70.0,115.0,16,-1,0,70
Azumarill,100.0,50.0,80.0,60.0,80.0,50.0,17,1,0,90
Azurill,50.0,20.0,40.0,20.0,40.0,20.0,12,1,1,-10
Bagon,45.0,75.0,60.0,40.0,30.0,50.0,2,-1,1,-10
Baltoy,40.0,40.0,55.0,40.0,70.0,55.0,10,16,1,-10
Banette,64.0,115.0,65.0,83.0,63.0,65.0,14,-1,0,0
Barbaracle,72.0,105.0,115.0,54.0,86.0,68.0,7,17,0,50
Barboach,50.0,48.0,43.0,46.0,41.0,60.0,17,10,1,-10
Basculin,70.0,92.0,65.0,80.0,55.0,98.0,17,-1,0,0
Bastiodon,60.0,52.0,168.0,47.0,138.0,30.0,7,0,0,0
Bayleef,60.0,62.0,80.0,63.0,80.0,60.0,6,-1,1,0
Beartic,95.0,130.0,80.0,70.0,80.0,50.0,15,-1,0,0
Beautifly,60.0,70.0,50.0,100.0,50.0,65.0,3,9,0,0
Beedrill,65.0,90.0,40.0,45.0,80.0,75.0,3,11,0,0
Beheeyem,75.0,75.0,75.0,125.0,95.0,40.0,16,-1,0,0
Beldum,40.0,55.0,80.0,35.0,60.0,30.0,0,16,1,-10
Bellossom,75.0,80.0,95.0,90.0,100.0,50.0,6,-1,0,0
Bellsprout,50.0,75.0,35.0,70.0,30.0,40.0,6,11,1,-10
Bergmite,56.0,69.0,86.0,32.0,36.0,28.0,15,-1,1,-10
Bewear,120.0,125.0,80.0,55.0,60.0,60.0,12,13,0,50
Bibarel,79.0,85.0,60.0,55.0,60.0,71.0,12,17,0,0
Bidoof,59.0,45.0,40.0,35.0,40.0,31.0,12,-1,1,-10
Binacle,42.0,52.0,67.0,39.0,56.0,50.0,7,17,1,-10
Bisharp,65.0,125.0,100.0,60.0,70.0,70.0,8,0,0,70
Blacephalon,53.0,127.0,53.0,151.0,79.0,107.0,5,14,0,90
Blastoise,79.0,83.0,100.0,85.0,105.0,78.0,17,-1,0,30
Blaziken,80.0,120.0,70.0,110.0,70.0,80.0,5,13,0,100
Blissey,255.0,10.0,10.0,75.0,135.0,55.0,12,-1,0,70
Blitzle,45.0,60.0,32.0,50.0,32.0,76.0,4,-1,1,-10
Boldore,70.0,105.0,105.0,50.0,40.0,20.0,7,-1,1,0
Bonsly,50.0,80.0,95.0,10.0,45.0,10.0,7,-1,1,-10
Bouffalant,95.0,110.0,95.0,40.0,95.0,55.0,12,-1,0,0
Bounsweet,42.0,30.0,38.0,30.0,38.0,32.0,6,-1,1,-10
Braixen,59.0,59.0,58.0,90.0,70.0,73.0,5,-1,1,0
Braviary,100.0,123.0,75.0,57.0,75.0,80.0,12,9,0,30
Breloom,60.0,130.0,80.0,60.0,60.0,70.0,6,13,0,80
Brionne,60.0,69.0,69.0,91.0,81.0,50.0,17,-1,1,0
Bronzong,67.0,89.0,116.0,79.0,116.0,33.0,0,16,0,50
Bronzor,57.0,24.0,86.0,24.0,86.0,23.0,0,16,1,-10
Bruxish,68.0,105.0,70.0,70.0,70.0,92.0,17,16,0,40
Budew,40.0,30.0,35.0,50.0,70.0,55.0,6,11,1,-10
Buizel,55.0,65.0,35.0,60.0,30.0,85.0,17,-1,1,-10
Bulbasaur,45.0,49.0,49.0,65.0,65.0,45.0,6,11,1,-10
Buneary,55.0,66.0,44.0,44.0,56.0,85.0,12,-1,1,-10
Bunnelby,38.0,36.0,38.0,32.0,36.0,57.0,12,-1,1,-10
Burmy,40.0,29.0,45.0,29.0,45.0,36.0,3,-1,1,-10
Butterfree,60.0,45.0,50.0,90.0,80.0,70.0,3,9,0,0
Buzzwole,107.0,139.0,139.0,53.0,53.0,79.0,3,13,0,80
Cacnea,50.0,85.0,40.0,85.0,40.0,35.0,6,-1,1,-10
Cacturne,70.0,115.0,60.0,115.0,60.0,55.0,6,8,0,0
Camerupt,70.0,100.0,70.0,105.0,75.0,40.0,5,10,0,0
Carbink,50.0,50.0,150.0,50.0,150.0,50.0,7,1,0,0
Carnivine,74.0,100.0,72.0,90.0,72.0,46.0,6,-1,0,0
Carracosta,74.0,108.0,133.0,83.0,65.0,32.0,17,7,0,10
Carvanha,45.0,90.0,20.0,65.0,20.0,65.0,17,8,1,-10
Cascoon,50.0,35.0,55.0,25.0,25.0,15.0,3,-1,1,0
Castform,70.0,70.0,70.0,70.0,70.0,70.0,12,-1,0,0
Caterpie,45.0,30.0,35.0,20.0,20.0,45.0,3,-1,1,-10
Celebi,100.0,100.0,100.0,100.0,100.0,100.0,16,6,0,70
Celesteela,97.0,101.0,103.0,107.0,101.0,61.0,0,9,0,90
Chandelure,60.0,55.0,90.0,145.0,90.0,80.0,14,5,0,70
Chansey,250.0,5.0,5.0,35.0,105.0,50.0,12,-1,1,90
Charizard,78.0,84.0,78.0,109.0,85.0,100.0,5,9,0,20
Charjabug,57.0,82.0,95.0,55.0,75.0,36.0,3,4,1,0
Charmander,39.0,52.0,43.0,60.0,50.0,65.0,5,-1,1,-10
Charmeleon,58.0,64.0,58.0,80.0,65.0,80.0,5,-1,1,0
Chatot,76.0,65.0,45.0,92.0,42.0,91.0,12,9,0,0
Cherrim,70.0,60.0,70.0,87.0,78.0,85.0,6,-1,0,0
Cherubi,45.0,35.0,45.0,62.0,53.0,35.0,6,-1,1,-10
Chesnaught,88.0,107.0,122.0,74.0,75.0,64.0,6,13,0,70
Chespin,56.0,61.0,65.0,48.0,45.0,38.0,6,-1,1,-10
Chikorita,45.0,49.0,65.0,49.0,65.0,45.0,6,-1,1,-10
Chimchar,44.0,58.0,44.0,58.0,44.0,61.0,5,-1,1,-10
Chimecho,75.0,50.0,80.0,95.0,90.0,65.0,16,-1,0,0
Chinchou,75.0,38.0,38.0,56.0,56.0,67.0,17,4,1,-10
Chingling,45.0,30.0,50.0,65.0,50.0,45.0,16,-1,1,-10
Cinccino,75.0,95.0,60.0,65.0,60.0,115.0,12,-1,0,20
Clamperl,35.0,64.0,85.0,74.0,55.0,32.0,17,-1,1,-10
Clauncher,50.0,53.0,62.0,58.0,63.0,44.0,17,-1,1,-10
Clawitzer,71.0,73.0,88.0,120.0,89.0,59.0,17,-1,0,30
Claydol,60.0,70.0,105.0,70.0,120.0,75.0,10,16,0,10
Clefable,95.0,70.0,73.0,95.0,90.0,60.0,1,-1,0,90
Clefairy,70.0,45.0,48.0,60.0,65.0,35.0,1,-1,1,10
Cleffa,50.0,25.0,28.0,45.0,55.0,15.0,1,-1,1,-10
Cloyster,50.0,95.0,180.0,85.0,45.0,70.0,17,15,0,50
Cobalion,91.0,90.0,129.0,90.0,72.0,108.0,0,13,0,70
Cofagrigus,58.0,50.0,145.0,95.0,105.0,30.0,14,-1,0,40
Combee,30.0,30.0,42.0,30.0,42.0,70.0,3,9,1,-10
Combusken,60.0,85.0,60.0,85.0,60.0,55.0,5,13,1,0
Comfey,51.0,52.0,90.0,82.0,110.0,100.0,1,-1,0,30
Conkeldurr,105.0,140.0,95.0,55.0,65.0,45.0,13,-1,0,80
Corphish,43.0,80.0,65.0,50.0,35.0,35.0,17,-1,1,-10
Corsola,65.0,55.0,95.0,65.0,95.0,35.0,17,7,0,0
Cosmoem,43.0,29.0,131.0,29.0,131.0,37.0,16,-1,1,0
Cosmog,43.0,29.0,31.0,29.0,31.0,37.0,16,-1,1,-10
Cottonee,40.0,27.0,60.0,37.0,50.0,66.0,6,1,1,-10
Crabominable,97.0,132.0,77.0,62.0,67.0,43.0,13,15,0,0
Crabrawler,47.0,82.0,57.0,42.0,47.0,63.0,13,-1,1,-10
Cradily,86.0,81.0,97.0,81.0,107.0,43.0,7,6,0,0
Cranidos,67.0,125.0,40.0,30.0,30.0,58.0,7,-1,1,-10
Crawdaunt,63.0,120.0,85.0,90.0,55.0,55.0,17,8,0,70
Cresselia,120.0,70.0,120.0,75.0,130.0,85.0,16,-1,0,50
Croagunk,48.0,61.0,40.0,61.0,40.0,50.0,11,13,1,-10
Crobat,85.0,90.0,80.0,70.0,80.0,130.0,11,9,0,70
Croconaw,65.0,80.0,80.0,59.0,63.0,58.0,17,-1,1,0
Crustle,70.0,105.0,125.0,65.0,75.0,45.0,3,7,0,0
Cryogonal,80.0,50.0,50.0,95.0,135.0,105.0,15,-1,0,10
Cubchoo,55.0,70.0,40.0,60.0,40.0,40.0,15,-1,1,-10
Cubone,50.0,50.0,95.0,40.0,50.0,35.0,10,-1,1,-10
Cutiefly,40.0,45.0,40.0,55.0,40.0,84.0,3,1,1,0
Cyndaquil,39.0,52.0,43.0,60.0,50.0,65.0,5,-1,1,-10
Darkrai,70.0,90.0,90.0,135.0,90.0,125.0,8,-1,0,100
Darmanitan,105.0,140.0,55.0,30.0,55.0,95.0,5,-1,0,60
Dartrix,78.0,75.0,75.0,70.0,70.0,52.0,6,9,1,0
Darumaka,70.0,90.0,45.0,15.0,45.0,50.0,5,-1,1,-10
Decidueye,78.0,107.0,75.0,100.0,100.0,70.0,6,14,0,30
Dedenne,67.0,58.0,57.0,81.0,67.0,101.0,4,1,0,0
Deerling,60.0,60.0,50.0,40.0,50.0,75.0,12,6,1,-10
Deino,52.0,65.0,50.0,45.0,50.0,38.0,8,2,1,-10
Delcatty,70.0,65.0,65.0,55.0,55.0,90.0,12,-1,0,0
Delibird,45.0,55.0,45.0,65.0,45.0,75.0,15,9,0,0
Delphox,75.0,69.0,72.0,114.0,100.0,104.0,5,16,0,30
Deoxys,50.0,150.0,50.0,150.0,50.0,150.0,16,-1,0,100
Deoxys-Attack,50.0,180.0,20.0,180.0,20.0,150.0,16,-1,0,100
Deoxys-Defense,50.0,70.0,160.0,70.0,160.0,90.0,16,-1,0,100
Deoxys-Speed,50.0,95.0,90.0,95.0,90.0,180.0,16,-1,0,100
Dewgong,90.0,70.0,80.0,70.0,95.0,70.0,17,15,0,0
Dewott,75.0,75.0,60.0,83.0,60.0,60.0,17,-1,1,0
Dewpider,38.0,40.0,52.0,40.0,72.0,27.0,17,3,1,-10
Dhelmise,70.0,131.0,100.0,86.0,90.0,40.0,14,6,0,30
Dialga,100.0,120.0,120.0,150.0,100.0,90.0,0,2,0,100
Diancie,50.0,100.0,150.0,100.0,150.0,50.0,7,1,0,50
Diggersby,85.0,56.0,77.0,50.0,77.0,78.0,12,10,0,80
Diglett,10.0,55.0,25.0,35.0,45.0,95.0,10,-1,1,-10
Diglett-Alola,10.0,55.0,30.0,35.0,45.0,90.0,10,0,1,-10
Ditto,48.0,48.0,48.0,48.0,48.0,48.0,12,-1,0,0
Dodrio,60.0,110.0,70.0,60.0,60.0,110.0,12,9,0,10
Doduo,35.0,85.0,45.0,35.0,35.0,75.0,12,9,1,-10
Donphan,90.0,120.0,120.0,60.0,60.0,50.0,10,-1,0,50
Doublade,59.0,110.0,150.0,45.0,49.0,35.0,0,14,1,70
Dragalge,65.0,75.0,90.0,97.0,123.0,44.0,11,2,0,50
Dragonair,61.0,84.0,65.0,70.0,70.0,70.0,2,-1,1,0
Dragonite,91.0,134.0,95.0,100.0,100.0,80.0,2,9,0,80
Drampa,78.0,60.0,85.0,135.0,91.0,36.0,12,2,0,10
Drapion,70.0,90.0,110.0,60.0,75.0,95.0,11,8,0,50
Dratini,41.0,64.0,45.0,50.0,50.0,50.0,2,-1,1,-10
Drifblim,150.0,80.0,44.0,90.0,54.0,80.0,14,9,0,0
Drifloon,90.0,50.0,34.0,60.0,44.0,70.0,14,9,1,0
Drilbur,60.0,85.0,40.0,30.0,45.0,68.0,10,-1,1,-10
Drowzee,60.0,48.0,45.0,43.0,90.0,42.0,16,-1,1,-10
Druddigon,77.0,120.0,90.0,60.0,90.0,48.0,2,-1,0,30
Ducklett,62.0,44.0,50.0,44.0,50.0,55.0,17,9,1,-10
Dugtrio,35.0,100.0,50.0,50.0,70.0,120.0,10,-1,0,0
Dugtrio-Alola,35.0,100.0,60.0,50.0,70.0,110.0,10,0,0,10
Dunsparce,100.0,70.0,70.0,65.0,65.0,45.0,12,-1,0,0
Duosion,65.0,40.0,50.0,125.0,60.0,30.0,16,-1,1,0
Durant,58.0,109.0,112.0,48.0,48.0,109.0,3,0,0,60
Dusclops,40.0,70.0,130.0,60.0,130.0,25.0,14,-1,1,0
Dusknoir,45.0,100.0,135.0,65.0,135.0,45.0,14,-1,0,0
Duskull,20.0,40.0,90.0,30.0,90.0,25.0,14,-1,1,-10
Dustox,60.0,50.0,70.0,50.0,90.0,65.0,3,11,0,0
Dwebble,50.0,65.0,85.0,35.0,35.0,55.0,3,7,1,-10
Eelektrik,65.0,85.0,70.0,75.0,70.0,40.0,4,-1,1,0
Eelektross,85.0,115.0,80.0,105.0,80.0,50.0,4,-1,0,10
Eevee,55.0,55.0,50.0,45.0,65.0,55.0,12,-1,1,-10
Ekans,35.0,60.0,44.0,40.0,54.0,55.0,11,-1,1,-10
Electabuzz,65.0,83.0,57.0,95.0,85.0,105.0,4,-1,1,0
Electivire,75.0,123.0,67.0,95.0,85.0,95.0,4,-1,0,0
Electrike,40.0,45.0,40.0,65.0,40.0,65.0,4,-1,1,-10
Electrode,60.0,50.0,70.0,80.0,80.0,150.0,4,-1,0,0
Elekid,45.0,63.0,37.0,65.0,55.0,95.0,4,-1,1,-10
Elgyem,55.0,55.0,55.0,85.0,55.0,30.0,16,-1,1,-10
Emboar,110.0,123.0,65.0,100.0,65.0,65.0,5,13,0,40
Emolga,55.0,75.0,60.0,75.0,60.0,103.0,4,9,0,0
Empoleon,84.0,86.0,88.0,111.0,101.0,60.0,17,0,0,70
Entei,115.0,115.0,85.0,90.0,75.0,100.0,5,-1,0,60
Escavalier,70.0,135.0,105.0,60.0,105.0,20.0,3,0,0,50
Espeon,65.0,65.0,60.0,130.0,95.0,110.0,16,-1,0,50
Espurr,62.0,48.0,54.0,63.0,60.0,68.0,16,-1,1,-10
Excadrill,110.0,135.0,60.0,50.0,65.0,88.0,10,0,0,90
Exeggcute,60.0,40.0,80.0,60.0,45.0,40.0,6,16,1,-10
Exeggutor,95.0,95.0,85.0,125.0,75.0,55.0,6,16,0,0
Exeggutor-Alola,95.0,105.0,85.0,125.0,75.0,45.0,6,2,0,30
Exploud,104.0,91.0,63.0,91.0,73.0,68.0,12,-1,0,40
Farfetch'd,52.0,90.0,55.0,58.0,62.0,60.0,12,9,0,0
Fearow,65.0,90.0,65.0,61.0,61.0,100.0,12,9,0,0
Feebas,20.0,15.0,20.0,10.0,55.0,80.0,17,-1,1,-10
Fennekin,40.0,45.0,40.0,62.0,60.0,60.0,5,-1,1,-10
Feraligatr,85.0,105.0,100.0,79.0,83.0,78.0,17,-1,0,70
Ferroseed,44.0,50.0,91.0,24.0,86.0,10.0,6,0,1,10
Ferrothorn,74.0,94.0,131.0,54.0,116.0,20.0,6,0,0,90
Finneon,49.0,49.0,56.0,49.0,61.0,66.0,17,-1,1,-10
Flaaffy,70.0,55.0,55.0,80.0,60.0,45.0,4,-1,1,0
Flabebe,44.0,38.0,39.0,61.0,79.0,42.0,1,-1,1,-10
Flareon,65.0,130.0,60.0,95.0,110.0,65.0,5,-1,0,0
Fletchinder,62.0,73.0,55.0,56.0,52.0,84.0,5,9,1,0
Fletchling,45.0,50.0,43.0,40.0,38.0,62.0,12,9,1,-10
Floatzel,85.0,105.0,55.0,85.0,50.0,115.0,17,-1,0,0
Floette,54.0,45.0,47.0,75.0,98.0,52.0,1,-1,1,0
Florges,78.0,65.0,68.0,112.0,154.0,75.0,1,-1,0,50
Flygon,80.0,100.0,80.0,80.0,80.0,100.0,10,2,0,50
Fomantis,40.0,55.0,35.0,50.0,35.0,35.0,6,-1,1,-10
Foongus,69.0,55.0,45.0,55.0,55.0,15.0,6,11,1,-10
Forretress,75.0,90.0,140.0,60.0,60.0,40.0,3,0,0,50
Fraxure,66.0,117.0,70.0,40.0,50.0,67.0,2,-1,1,0
Frillish,55.0,40.0,50.0,65.0,85.0,40.0,17,14,1,-10
Froakie,41.0,56.0,41.0,62.0,44.0,71.0,17,-1,1,-10
Frogadier,54.0,63.0,52.0,83.0,56.0,97.0,17,-1,1,0
Froslass,70.0,80.0,70.0,80.0,70.0,110.0,15,14,0,10
Furfrou,75.0,80.0,60.0,65.0,90.0,102.0,12,-1,0,0
Furret,85.0,76.0,64.0,45.0,55.0,90.0,12,-1,0,0
Gabite,68.0,90.0,65.0,50.0,55.0,82.0,2,10,1,0
Gallade,68.0,125.0,65.0,65.0,115.0,80.0,16,13,0,20
Galvantula,70.0,77.0,60.0,97.0,60.0,108.0,3,4,0,50
Garbodor,80.0,95.0,82.0,60.0,82.0,75.0,11,-1,0,30
Garchomp,108.0,130.0,95.0,80.0,85.0,102.0,2,10,0,90
Gardevoir,68.0,65.0,65.0,125.0,115.0,80.0,16,1,0,50
Gastly,30.0,35.0,30.0,100.0,35.0,80.0,14,11,1,-10
Gastrodon,111.0,83.0,68.0,92.0,82.0,39.0,17,10,0,10
Genesect,71.0,120.0,95.0,120.0,95.0,99.0,3,0,0,100
Gengar,60.0,65.0,60.0,130.0,75.0,110.0,14,11,0,70
Geodude,40.0,80.0,100.0,30.0,30.0,20.0,7,10,1,-10
Geodude-Alola,40.0,80.0,100.0,30.0,30.0,20.0,7,4,1,-10
Gible,58.0,70.0,45.0,40.0,45.0,42.0,2,10,1,-10
Gigalith,85.0,135.0,130.0,60.0,80.0,25.0,7,-1,0,40
Girafarig,70.0,80.0,65.0,90.0,65.0,85.0,12,16,0,0
Giratina,150.0,100.0,120.0,100.0,120.0,90.0,14,2,0,100
Giratina-Origin,150.0,120.0,100.0,120.0,100.0,90.0,14,2,0,100
Glaceon,65.0,60.0,110.0,130.0,95.0,65.0,15,-1,0,0
Glalie,80.0,80.0,80.0,80.0,80.0,80.0,15,-1,0,0
Glameow,49.0,55.0,42.0,42.0,37.0,85.0,12,-1,1,-10
Gligar,65.0,75.0,105.0,35.0,65.0,85.0,10,9,1,70
Gliscor,75.0,95.0,125.0,45.0,75.0,95.0,10,9,0,90
Gloom,60.0,65.0,70.0,85.0,75.0,40.0,6,11,1,0
Gogoat,123.0,100.0,62.0,97.0,81.0,68.0,6,-1,0,0
Golbat,75.0,80.0,70.0,65.0,75.0,90.0,11,9,1,30
Goldeen,45.0,67.0,60.0,35.0,50.0,63.0,17,-1,1,-10
Golduck,80.0,82.0,78.0,95.0,80.0,85.0,17,-1,0,0
Golem,80.0,120.0,130.0,55.0,65.0,45.0,7,10,0,0
Golem-Alola,80.0,120.0,130.0,55.0,65.0,45.0,7,4,0,0
Golett,59.0,74.0,50.0,35.0,50.0,35.0,10,14,1,-10
Golisopod,75.0,125.0,140.0,60.0,90.0,40.0,3,17,0,50
Golurk,89.0,124.0,80.0,55.0,80.0,55.0,10,14,0,10
Goodra,90.0,100.0,70.0,110.0,150.0,80.0,2,-1,0,50
Goomy,45.0,50.0,35.0,55.0,75.0,40.0,2,-1,1,-10
Gorebyss,55.0,84.0,105.0,114.0,75.0,52.0,17,-1,0,0
Gothita,45.0,30.0,50.0,55.0,65.0,45.0,16,-1,1,0
Gothitelle,70.0,55.0,95.0,95.0,110.0,65.0,16,-1,0,0
Gothorita,60.0,45.0,70.0,75.0,85.0,55.0,16,-1,1,0
Gourgeist,65.0,90.0,122.0,58.0,75.0,84.0,14,6,0,0
Gourgeist-Large,75.0,95.0,122.0,58.0,75.0,69.0,14,6,0,0
Gourgeist-Small,55.0,85.0,122.0,58.0,75.0,99.0,14,6,0,0
Gourgeist-Super,85.0,100.0,122.0,58.0,75.0,54.0,14,6,0,0
Granbull,90.0,120.0,75.0,60.0,60.0,45.0,1,-1,0,0
Graveler,55.0,95.0,115.0,45.0,45.0,35.0,7,10,1,0
Graveler-Alola,55.0,95.0,115.0,45.0,45.0,35.0,7,4,1,0
Greninja,72.0,95.0,67.0,103.0,71.0,122.0,17,8,0,90
Grimer,80.0,80.0,50.0,40.0,50.0,25.0,11,-1,1,-10
Grimer-Alola,80.0,80.0,50.0,40.0,50.0,25.0,11,8,1,-10
Grotle,75.0,89.0,85.0,55.0,65.0,36.0,6,-1,1,0
Groudon,100.0,150.0,140.0,100.0,90.0,90.0,10,-1,0,100
Grovyle,50.0,65.0,45.0,85.0,65.0,95.0,6,-1,1,0
Growlithe,55.0,70.0,45.0,70.0,50.0,60.0,5,-1,1,-10
Grubbin,47.0,62.0,45.0,55.0,45.0,46.0,3,-1,1,-10
Grumpig,80.0,45.0,65.0,90.0,110.0,80.0,16,-1,0,0
Gulpin,70.0,43.0,53.0,43.0,53.0,40.0,11,-1,1,-10
Gumshoos,88.0,110.0,60.0,55.0,60.0,45.0,12,-1,0,0
Gurdurr,85.0,105.0,85.0,40.0,50.0,40.0,13,-1,1,10
Guzzlord,223.0,101.0,53.0,97.0,53.0,43.0,8,2,0,20
Gyarados,95.0,125.0,79.0,60.0,100.0,81.0,17,9,0,80
Hakamo-o,55.0,75.0,90.0,65.0,70.0,65.0,2,13,1,0
Happiny,100.0,5.0,5.0,15.0,65.0,30.0,12,-1,1,-10
Hariyama,144.0,120.0,60.0,40.0,60.0,50.0,13,-1,0,30
Haunter,45.0,50.0,45.0,115.0,55.0,95.0,14,11,1,10
Hawlucha,78.0,92.0,77.0,74.0,63.0,118.0,13,9,0,90
Haxorus,76.0,147.0,90.0,60.0,70.0,97.0,2,-1,0,70
Heatmor,85.0,97.0,66.0,105.0,66.0,65.0,5,-1,0,0
Heatran,91.0,90.0,106.0,130.0,106.0,77.0,5,0,0,90
Heliolisk,62.0,55.0,52.0,109.0,94.0,109.0,4,12,0,30
Helioptile,44.0,38.0,33.0,61.0,43.0,70.0,4,12,1,-10
Heracross,80.0,125.0,75.0,40.0,95.0,85.0,3,13,0,60
Herdier,65.0,80.0,65.0,35.0,65.0,60.0,12,-1,1,0
Hippopotas,68.0,72.0,78.0,38.0,42.0,32.0,10,-1,1,-10
Hippowdon,108.0,112.0,118.0,68.0,72.0,47.0,10,-1,0,70
Hitmonchan,50.0,105.0,79.0,35.0,110.0,76.0,13,-1,0,10
Hitmonlee,50.0,120.0,53.0,35.0,110.0,87.0,13,-1,0,30
Hitmontop,50.0,95.0,95.0,35.0,110.0,70.0,13,-1,0,30
Ho-Oh,106.0,130.0,90.0,110.0,154.0,90.0,5,9,0,100
Honchkrow,100.0,125.0,52.0,105.0,52.0,71.0,8,9,0,50
Honedge,45.0,80.0,100.0,35.0,37.0,28.0,0,14,1,-10
Hoopa,80.0,110.0,60.0,150.0,130.0,70.0,16,14,0,40
Hoopa-Unbound,80.0,160.0,60.0,170.0,130.0,80.0,16,8,0,80
Hoothoot,60.0,30.0,30.0,36.0,56.0,50.0,12,9,1,-10
Hoppip,35.0,35.0,40.0,35.0,55.0,50.0,6,9,1,-10
Horsea,30.0,40.0,70.0,70.0,25.0,60.0,17,-1,1,-10
Houndoom,75.0,90.0,50.0,110.0,80.0,95.0,8,5,0,20
Houndour,45.0,60.0,30.0,80.0,50.0,65.0,8,5,1,-10
Huntail,55.0,104.0,105.0,94.0,75.0,52.0,17,-1,0,0
Hydreigon,92.0,105.0,90.0,125.0,90.0,98.0,8,2,0,70
Hypno,85.0,73.0,70.0,73.0,115.0,67.0,16,-1,0,0
Igglybuff,90.0,30.0,15.0,40.0,20.0,15.0,12,1,1,-10
Illumise,65.0,47.0,75.0,73.0,85.0,85.0,3,-1,0,0
Incineroar,95.0,115.0,90.0,80.0,90.0,60.0,5,8,0,30
Infernape,76.0,104.0,71.0,104.0,71.0,108.0,5,13,0,70
Inkay,53.0,54.0,53.0,37.0,46.0,45.0,8,16,1,-10
Ivysaur,60.0,62.0,63.0,80.0,80.0,60.0,6,11,1,0
Jangmo-o,45.0,55.0,65.0,45.0,45.0,45.0,2,-1,1,-10
Jellicent,100.0,60.0,70.0,85.0,105.0,60.0,17,14,0,10
Jigglypuff,115.0,45.0,20.0,45.0,25.0,20.0,12,1,1,0
Jirachi,100.0,100.0,100.0,100.0,100.0,100.0,0,16,0,90
Jolteon,65.0,65.0,60.0,110.0,95.0,130.0,4,-1,0,50
Joltik,50.0,47.0,50.0,57.0,50.0,65.0,3,4,1,-10
Jumpluff,75.0,55.0,70.0,55.0,95.0,110.0,6,9,0,0
Jynx,65.0,50.0,35.0,115.0,95.0,95.0,15,16,0,0
Kabuto,30.0,80.0,90.0,55.0,45.0,55.0,7,17,1,-10
Kabutops,60.0,115.0,105.0,65.0,70.0,80.0,7,17,0,10
Kadabra,40.0,35.0,30.0,120.0,70.0,105.0,16,-1,1,0
Kakuna,45.0,25.0,50.0,25.0,25.0,35.0,3,11,1,0
Kangaskhan,105.0,95.0,80.0,40.0,80.0,90.0,12,-1,0,10
Karrablast,50.0,75.0,45.0,40.0,45.0,60.0,3,-1,1,-10
Kartana,59.0,181.0,131.0,59.0,31.0,109.0,6,0,0,90
Kecleon,60.0,90.0,70.0,60.0,120.0,40.0,12,-1,0,0
Keldeo,91.0,72.0,90.0,129.0,90.0,108.0,17,13,0,90
Kingdra,75.0,95.0,95.0,95.0,95.0,85.0,17,2,0,40
Kingler,55.0,130.0,115.0,50.0,50.0,75.0,17,-1,0,20
Kirlia,38.0,35.0,35.0,65.0,55.0,50.0,16,1,1,0
Klang,60.0,80.0,95.0,70.0,85.0,50.0,0,-1,1,0
Klefki,57.0,80.0,91.0,80.0,87.0,75.0,0,1,0,70
Klink,40.0,55.0,70.0,45.0,60.0,30.0,0,-1,1,-10
Klinklang,60.0,100.0,115.0,70.0,85.0,90.0,0,-1,0,30
Koffing,40.0,65.0,95.0,60.0,45.0,35.0,11,-1,1,-10
Komala,65.0,115.0,65.0,75.0,95.0,65.0,12,-1,0,0
Kommo-o,75.0,110.0,125.0,100.0,105.0,85.0,2,13,0,90
Krabby,30.0,105.0,90.0,25.0,25.0,50.0,17,-1,1,-10
Kricketot,37.0,25.0,41.0,25.0,41.0,25.0,3,-1,1,-10
Kricketune,77.0,85.0,51.0,55.0,51.0,65.0,3,-1,0,0
Krokorok,60.0,82.0,45.0,45.0,45.0,74.0,10,8,1,0
Krookodile,95.0,117.0,80.0,65.0,70.0,92.0,10,8,0,70
Kyogre,100.0,100.0,90.0,150.0,140.0,90.0,17,-1,0,100
Kyurem,125.0,130.0,90.0,130.0,90.0,95.0,2,15,0,60
Kyurem-Black,125.0,170.0,100.0,120.0,90.0,95.0,2,15,0,90
Kyurem-White,125.0,120.0,90.0,170.0,100.0,95.0,2,15,0,100
Lairon,60.0,90.0,140.0,50.0,50.0,40.0,0,7,1,0
Lampent,60.0,40.0,60.0,95.0,60.0,55.0,14,5,1,0
Landorus,89.0,125.0,90.0,115.0,80.0,101.0,10,9,0,100
Landorus-Therian,89.0,145.0,90.0,105.0,80.0,91.0,10,9,0,90
Lanturn,125.0,58.0,58.0,76.0,76.0,67.0,17,4,0,10
Lapras,130.0,85.0,80.0,85.0,95.0,60.0,17,15,0,0
Larvesta,55.0,85.0,55.0,50.0,55.0,60.0,3,5,1,-10
Larvitar,50.0,64.0,50.0,45.0,50.0,41.0,7,10,1,-10
Latias,80.0,80.0,90.0,110.0,130.0,110.0,2,16,0,70
Latios,80.0,90.0,80.0,130.0,110.0,110.0,2,16,0,80
Leafeon,65.0,110.0,130.0,60.0,65.0,95.0,6,-1,0,0
Leavanny,75.0,103.0,80.0,70.0,80.0,92.0,3,6,0,0
Ledian,55.0,35.0,50.0,55.0,110.0,85.0,3,9,0,0
Ledyba,40.0,20.0,30.0,40.0,80.0,55.0,3,9,1,-10
Lickilicky,110.0,85.0,95.0,80.0,95.0,50.0,12,-1,0,0
Lickitung,90.0,55.0,75.0,60.0,75.0,30.0,12,-1,1,-10
Liepard,64.0,88.0,50.0,88.0,50.0,106.0,8,-1,0,10
Lileep,66.0,41.0,77.0,61.0,87.0,23.0,7,6,1,-10
Lilligant,70.0,60.0,75.0,110.0,75.0,90.0,6,-1,0,20
Lillipup,45.0,60.0,45.0,25.0,45.0,55.0,12,-1,1,-10
Linoone,78.0,70.0,61.0,50.0,61.0,100.0,12,-1,0,60
Litleo,62.0,50.0,58.0,73.0,54.0,72.0,5,12,1,-10
Litten,45.0,65.0,40.0,60.0,40.0,70.0,5,-1,1,-10
Litwick,50.0,30.0,55.0,65.0,55.0,20.0,14,5,1,-10
Lombre,60.0,50.0,50.0,60.0,70.0,50.0,17,6,1,0
Lopunny,65.0,76.0,84.0,54.0,96.0,105.0,12,-1,0,0
Lotad,40.0,30.0,30.0,40.0,50.0,30.0,17,6,1,-10
Loudred,84.0,71.0,43.0,71.0,43.0,48.0,12,-1,1,0
Lucario,70.0,110.0,70.0,115.0,70.0,90.0,13,0,0,70
Ludicolo,80.0,70.0,70.0,90.0,100.0,70.0,17,6,0,10
Lugia,106.0,90.0,130.0,90.0,154.0,110.0,16,9,0,100
Lumineon,69.0,69.0,76.0,69.0,86.0,91.0,17,-1,0,0
Lunala,137.0,113.0,89.0,137.0,107.0,97.0,16,14,0,100
Lunatone,90.0,55.0,65.0,95.0,85.0,70.0,7,16,0,0
Lurantis,70.0,105.0,90.0,80.0,90.0,45.0,6,-1,0,10
Luvdisc,43.0,30.0,55.0,40.0,65.0,97.0,17,-1,0,0
Luxio,60.0,85.0,49.0,60.0,49.0,60.0,4,-1,1,0
Luxray,80.0,120.0,79.0,95.0,79.0,70.0,4,-1,0,0
Lycanroc,75.0,115.0,65.0,55.0,65.0,112.0,7,-1,0,10
Lycanroc-Dusk,75.0,117.0,65.0,55.0,65.0,110.0,7,-1,0,50
Lycanroc-Midnight,85.0,115.0,75.0,55.0,75.0,82.0,7,-1,0,0
Machamp,90.0,130.0,80.0,65.0,85.0,55.0,13,-1,0,50
Machoke,80.0,100.0,70.0,50.0,60.0,45.0,13,-1,1,0
Machop,70.0,80.0,50.0,35.0,35.0,35.0,13,-1,1,-10
Magby,45.0,75.0,37.0,70.0,55.0,83.0,5,-1,1,-10
Magcargo,60.0,50.0,120.0,90.0,80.0,30.0,5,7,0,0
Magearna,80.0,95.0,115.0,130.0,115.0,65.0,0,1,0,90
Magikarp,20.0,10.0,55.0,15.0,20.0,80.0,17,-1,1,-10
Magmar,65.0,95.0,57.0,100.0,85.0,93.0,5,-1,1,0
Magmortar,75.0,95.0,67.0,125.0,95.0,83.0,5,-1,0,30
Magnemite,25.0,35.0,70.0,95.0,55.0,45.0,4,0,1,-10
Magneton,50.0,60.0,95.0,120.0,70.0,70.0,4,0,1,70
Magnezone,70.0,70.0,115.0,130.0,90.0,60.0,4,0,0,90
Makuhita,72.0,60.0,30.0,20.0,30.0,25.0,13,-1,1,-10
Malamar,86.0,92.0,88.0,68.0,75.0,73.0,8,16,0,30
Mamoswine,110.0,130.0,80.0,70.0,60.0,80.0,15,10,0,70
Manaphy,100.0,100.0,100.0,100.0,100.0,100.0,17,-1,0,80
Mandibuzz,110.0,65.0,105.0,55.0,95.0,80.0,8,9,0,50
Manectric,70.0,75.0,60.0,105.0,60.0,105.0,4,-1,0,10
Mankey,40.0,80.0,35.0,35.0,45.0,70.0,13,-1,1,-10
Mantine,85.0,40.0,70.0,80.0,140.0,70.0,17,9,0,50
Mantyke,45.0,20.0,50.0,60.0,120.0,50.0,17,9,1,-10
Maractus,75.0,86.0,67.0,106.0,67.0,60.0,6,-1,0,0
Mareanie,50.0,53.0,62.0,43.0,52.0,45.0,11,17,1,-10
Mareep,55.0,40.0,40.0,65.0,45.0,35.0,4,-1,1,-10
Marill,70.0,20.0,50.0,20.0,50.0,40.0,17,1,1,0
Marowak,60.0,80.0,110.0,50.0,80.0,45.0,10,-1,0,0
Marowak-Alola,60.0,80.0,110.0,50.0,80.0,45.0,5,14,0,50
Marshadow,90.0,125.0,80.0,90.0,90.0,125.0,13,14,0,100
Marshtomp,70.0,85.0,70.0,60.0,70.0,50.0,17,10,1,0
Masquerain,70.0,60.0,62.0,100.0,82.0,80.0,3,9,0,0
Mawile,50.0,85.0,85.0,55.0,55.0,50.0,0,1,0,0
Medicham,60.0,60.0,75.0,60.0,75.0,80.0,13,16,0,30
Meditite,30.0,40.0,55.0,40.0,55.0,60.0,13,16,1,0
Meganium,80.0,82.0,100.0,83.0,100.0,80.0,6,-1,0,0
Meloetta,100.0,77.0,77.0,128.0,128.0,90.0,12,16,0,60
Meowstic-F,74.0,48.0,76.0,83.0,81.0,104.0,16,-1,0,0
Meowstic-M,74.0,48.0,76.0,83.0,81.0,104.0,16,-1,0,0
Meowth,40.0,45.0,35.0,40.0,40.0,90.0,12,-1,1,-10
Meowth-Alola,40.0,35.0,35.0,50.0,40.0,90.0,8,-1,1,-10
Mesprit,80.0,105.0,105.0,105.0,105.0,80.0,16,-1,0,30
Metagross,80.0,135.0,130.0,95.0,90.0,70.0,0,16,0,50
Metang,60.0,75.0,100.0,55.0,80.0,50.0,0,16,1,0
Metapod,50.0,20.0,55.0,25.0,25.0,30.0,3,-1,1,0
Mew,100.0,100.0,100.0,100.0,100.0,100.0,16,-1,0,90
Mewtwo,106.0,110.0,90.0,154.0,90.0,130.0,16,-1,0,100
Mienfoo,45.0,85.0,50.0,55.0,50.0,65.0,13,-1,1,-10
Mienshao,65.0,125.0,60.0,95.0,60.0,105.0,13,-1,0,60
Mightyena,70.0,90.0,70.0,60.0,60.0,70.0,8,-1,0,0
Milotic,95.0,60.0,79.0,100.0,125.0,81.0,17,-1,0,50
Miltank,95.0,80.0,105.0,40.0,70.0,100.0,12,-1,0,30
Mime Jr.,20.0,25.0,45.0,70.0,90.0,60.0,16,1,1,-10
Mimikyu,55.0,90.0,80.0,50.0,105.0,96.0,14,1,0,70
Minccino,55.0,50.0,40.0,40.0,40.0,75.0,12,-1,1,-10
Minior,60.0,100.0,60.0,100.0,60.0,120.0,7,9,0,30
Minun,60.0,40.0,50.0,75.0,85.0,95.0,4,-1,0,0
Misdreavus,60.0,60.0,60.0,85.0,85.0,85.0,14,-1,1,0
Mismagius,60.0,60.0,60.0,105.0,105.0,105.0,14,-1,0,30
Moltres,90.0,100.0,90.0,125.0,85.0,90.0,5,9,0,70
Monferno,64.0,78.0,52.0,78.0,52.0,81.0,5,13,1,0
Morelull,40.0,35.0,55.0,65.0,75.0,15.0,6,1,1,-10
Mothim,70.0,94.0,50.0,94.0,50.0,66.0,3,9,0,0
Mr. Mime,40.0,45.0,65.0,100.0,120.0,90.0,16,1,0,0
Mudbray,70.0,100.0,70.0,45.0,55.0,45.0,10,-1,1,-10
Mudkip,50.0,70.0,50.0,50.0,50.0,40.0,17,-1,1,-10
Mudsdale,100.0,125.0,100.0,55.0,85.0,35.0,10,-1,0,10
Muk,105.0,105.0,75.0,65.0,100.0,50.0,11,-1,0,0
Muk-Alola,105.0,105.0,75.0,65.0,100.0,50.0,11,8,0,70
Munchlax,135.0,85.0,40.0,40.0,85.0,5.0,12,-1,1,-10
Munna,76.0,25.0,45.0,67.0,55.0,24.0,16,-1,1,-10
Murkrow,60.0,85.0,42.0,85.0,42.0,91.0,8,9,1,0
Musharna,116.0,55.0,85.0,107.0,95.0,29.0,16,-1,0,0
Naganadel,73.0,73.0,73.0,127.0,73.0,121.0,11,2,0,100
Natu,40.0,50.0,45.0,70.0,45.0,70.0,16,9,1,-10
Necrozma,97.0,107.0,101.0,127.0,89.0,79.0,16,-1,0,50
Necrozma-Dawn Wings,97.0,113.0,109.0,157.0,127.0,77.0,16,14,0,100
Necrozma-Dusk Mane,97.0,157.0,127.0,113.0,109.0,77.0,16,0,0,100
Nidoking,81.0,102.0,77.0,85.0,75.0,85.0,11,10,0,70
Nidoqueen,90.0,92.0,87.0,75.0,85.0,76.0,11,10,0,50
Nidoran-F,55.0,47.0,52.0,40.0,40.0,41.0,11,-1,1,-10
Nidoran-M,46.0,57.0,40.0,40.0,40.0,50.0,11,-1,1,-10
Nidorina,70.0,62.0,67.0,55.0,55.0,56.0,11,-1,1,0
Nidorino,61.0,72.0,57.0,55.0,55.0,65.0,11,-1,1,0
Nihilego,109.0,53.0,47.0,127.0,131.0,103.0,7,11,0,70
Nincada,31.0,45.0,90.0,30.0,30.0,40.0,3,10,1,-10
Ninetales,73.0,76.0,75.0,81.0,100.0,100.0,5,-1,0,50
Ninetales-Alola,73.0,67.0,75.0,81.0,100.0,109.0,15,1,0,80
Ninjask,61.0,90.0,45.0,50.0,50.0,160.0,3,9,0,0
Noctowl,100.0,50.0,50.0,86.0,96.0,70.0,12,9,0,0
Noibat,40.0,30.0,35.0,45.0,40.0,55.0,9,2,1,-10
Noivern,85.0,70.0,80.0,97.0,80.0,123.0,9,2,0,50
Nosepass,30.0,45.0,135.0,45.0,90.0,30.0,7,-1,1,-10
Numel,60.0,60.0,40.0,65.0,45.0,35.0,5,10,1,-10
Nuzleaf,70.0,70.0,40.0,60.0,40.0,60.0,6,8,1,0
Octillery,75.0,105.0,75.0,105.0,75.0,45.0,17,-1,0,0
Oddish,45.0,50.0,55.0,75.0,65.0,30.0,6,11,1,-10
Omanyte,35.0,40.0,100.0,90.0,55.0,35.0,7,17,1,-10
Omastar,70.0,60.0,125.0,115.0,70.0,55.0,7,17,0,10
Onix,35.0,45.0,160.0,30.0,45.0,70.0,7,10,1,-10
Oranguru,90.0,60.0,80.0,90.0,110.0,60.0,12,16,0,0
Oricorio,75.0,70.0,70.0,98.0,70.0,93.0,5,9,0,0
Oricorio-Pa'u,75.0,70.0,70.0,98.0,70.0,93.0,16,9,0,0
Oricorio-Pom-Pom,75.0,70.0,70.0,98.0,70.0,93.0,4,9,0,10
Oricorio-Sensu,75.0,70.0,70.0,98.0,70.0,93.0,14,9,0,10
Oshawott,55.0,55.0,45.0,63.0,45.0,45.0,17,-1,1,-10
Pachirisu,60.0,45.0,70.0,45.0,90.0,95.0,4,-1,0,0
Palkia,90.0,120.0,100.0,150.0,120.0,100.0,17,2,0,100
Palossand,85.0,75.0,110.0,100.0,75.0,35.0,14,10,0,30
Palpitoad,75.0,65.0,55.0,65.0,55.0,69.0,17,10,1,0
Pancham,67.0,82.0,62.0,46.0,48.0,43.0,13,-1,1,-10
Pangoro,95.0,124.0,78.0,69.0,71.0,58.0,13,8,0,30
Panpour,50.0,53.0,48.0,53.0,48.0,64.0,17,-1,1,-10
Pansage,50.0,53.0,48.0,53.0,48.0,64.0,6,-1,1,-10
Pansear,50.0,53.0,48.0,53.0,48.0,64.0,5,-1,1,-10
Paras,35.0,70.0,55.0,45.0,55.0,25.0,3,6,1,-10
Parasect,60.0,95.0,80.0,60.0,80.0,30.0,3,6,0,0
Passimian,100.0,120.0,90.0,40.0,60.0,80.0,13,-1,0,30
Patrat,45.0,55.0,39.0,35.0,39.0,42.0,12,-1,1,-10
Pawniard,45.0,85.0,70.0,40.0,40.0,60.0,8,0,1,-10
Pelipper,60.0,50.0,100.0,95.0,70.0,65.0,17,9,0,90
Persian,65.0,70.0,60.0,65.0,65.0,115.0,12,-1,0,0
Persian-Alola,65.0,60.0,60.0,75.0,65.0,115.0,8,-1,0,10
Petilil,45.0,35.0,50.0,70.0,50.0,30.0,6,-1,1,-10
Phanpy,90.0,60.0,60.0,40.0,40.0,40.0,10,-1,1,-10
Phantump,43.0,70.0,48.0,50.0,60.0,38.0,14,6,1,-10
Pheromosa,71.0,137.0,37.0,137.0,37.0,151.0,3,13,0,100
Phione,80.0,80.0,80.0,80.0,80.0,80.0,17,-1,0,0
Pichu,20.0,40.0,15.0,35.0,35.0,60.0,4,-1,1,-10
Pidgeot,83.0,80.0,75.0,70.0,70.0,101.0,12,9,0,0
Pidgeotto,63.0,60.0,55.0,50.0,50.0,71.0,12,9,1,0
Pidgey,40.0,45.0,40.0,35.0,35.0,56.0,12,9,1,-10
Pidove,50.0,55.0,50.0,36.0,30.0,43.0,12,9,1,-10
Pignite,90.0,93.0,55.0,70.0,55.0,55.0,5,13,1,0
Pikachu,35.0,55.0,40.0,50.0,50.0,90.0,4,-1,1,0
Pikipek,35.0,75.0,30.0,30.0,30.0,65.0,12,9,1,-10
Piloswine,100.0,100.0,80.0,60.0,60.0,50.0,15,10,1,30
Pineco,50.0,65.0,90.0,35.0,35.0,15.0,3,-1,1,-10
Pinsir,65.0,125.0,100.0,55.0,70.0,85.0,3,-1,0,0
Piplup,53.0,51.0,53.0,61.0,56.0,40.0,17,-1,1,-10
Plusle,60.0,50.0,40.0,85.0,75.0,95.0,4,-1,0,0
Poipole,67.0,73.0,67.0,73.0,67.0,73.0,11,-1,1,0
Politoed,90.0,75.0,75.0,90.0,100.0,70.0,17,-1,0,0
Poliwag,40.0,50.0,40.0,40.0,40.0,90.0,17,-1,1,-10
Poliwhirl,65.0,65.0,65.0,50.0,50.0,90.0,17,-1,1,0
Poliwrath,90.0,95.0,95.0,70.0,90.0,70.0,17,13,0,0
Ponyta,50.0,85.0,55.0,65.0,65.0,90.0,5,-1,1,-10
Poochyena,35.0,55.0,35.0,30.0,30.0,35.0,8,-1,1,-10
Popplio,50.0,54.0,54.0,66.0,56.0,40.0,17,-1,1,-10
Porygon,65.0,60.0,70.0,85.0,75.0,40.0,12,-1,1,0
Porygon-Z,85.0,80.0,70.0,135.0,75.0,90.0,12,-1,0,80
Porygon2,85.0,80.0,90.0,105.0,95.0,60.0,12,-1,1,50
Primarina,80.0,74.0,74.0,126.0,116.0,60.0,17,1,0,70
Primeape,65.0,105.0,60.0,60.0,70.0,95.0,13,-1,0,10
Prinplup,64.0,66.0,68.0,81.0,76.0,50.0,17,-1,1,0
Probopass,60.0,55.0,145.0,75.0,150.0,40.0,7,0,0,0
Psyduck,50.0,52.0,48.0,65.0,50.0,55.0,17,-1,1,-10
Pumpkaboo,49.0,66.0,70.0,44.0,55.0,51.0,14,6,1,-10
Pumpkaboo-Large,54.0,66.0,70.0,44.0,55.0,46.0,14,6,1,-10
Pumpkaboo-Small,44.0,66.0,70.0,44.0,55.0,56.0,14,6,1,-10
Pumpkaboo-Super,59.0,66.0,70.0,44.0,55.0,41.0,14,6,1,-10
Pupitar,70.0,84.0,70.0,65.0,70.0,51.0,7,10,1,0
Purrloin,41.0,50.0,37.0,50.0,37.0,66.0,8,-1,1,-10
Purugly,71.0,82.0,64.0,64.0,59.0,112.0,12,-1,0,0
Pyroar,86.0,68.0,72.0,109.0,66.0,106.0,5,12,0,20
Pyukumuku,55.0,60.0,130.0,30.0,130.0,5.0,17,-1,0,0
Quagsire,95.0,85.0,85.0,65.0,65.0,35.0,17,10,0,10
Quilava,58.0,64.0,58.0,80.0,65.0,80.0,5,-1,1,0
Quilladin,61.0,78.0,95.0,56.0,58.0,57.0,6,-1,1,0
Qwilfish,65.0,95.0,85.0,55.0,55.0,85.0,17,11,0,10
Raichu,60.0,90.0,55.0,90.0,80.0,110.0,4,-1,0,0
Raichu-Alola,60.0,85.0,50.0,95.0,85.0,110.0,4,16,0,10
Raikou,90.0,85.0,75.0,115.0,100.0,115.0,4,-1,0,50
Ralts,28.0,25.0,25.0,45.0,35.0,40.0,16,1,1,-10
Rampardos,97.0,165.0,60.0,65.0,50.0,58.0,7,-1,0,0
Rapidash,65.0,100.0,70.0,80.0,80.0,105.0,5,-1,0,0
Raticate,55.0,81.0,60.0,50.0,70.0,97.0,12,-1,0,0
Raticate-Alola,75.0,71.0,70.0,40.0,80.0,77.0,8,12,0,0
Rattata,30.0,56.0,35.0,25.0,35.0,72.0,12,-1,1,-10
Rattata-Alola,30.0,56.0,35.0,25.0,35.0,72.0,8,12,1,-10
Rayquaza,105.0,150.0,90.0,150.0,90.0,95.0,2,9,0,100
Regice,80.0,50.0,100.0,100.0,200.0,50.0,15,-1,0,0
Regigigas,110.0,160.0,110.0,80.0,110.0,100.0,12,-1,0,0
Regirock,80.0,100.0,200.0,50.0,100.0,50.0,7,-1,0,10
Registeel,80.0,75.0,150.0,75.0,150.0,50.0,0,-1,0,50
Relicanth,100.0,90.0,130.0,45.0,65.0,55.0,17,7,0,0
Remoraid,35.0,65.0,35.0,65.0,35.0,65.0,17,-1,1,-10
Reshiram,100.0,120.0,100.0,150.0,120.0,90.0,2,5,0,100
Reuniclus,110.0,65.0,75.0,125.0,85.0,30.0,16,-1,0,60
Rhydon,105.0,130.0,120.0,45.0,45.0,40.0,10,7,1,30
Rhyhorn,80.0,85.0,95.0,30.0,30.0,25.0,10,7,1,-10
Rhyperior,115.0,140.0,130.0,55.0,55.0,40.0,10,7,0,50
Ribombee,60.0,55.0,60.0,95.0,70.0,124.0,3,1,0,40
Riolu,40.0,70.0,40.0,35.0,40.0,60.0,13,-1,1,-10
Rockruff,45.0,65.0,40.0,30.0,40.0,60.0,7,-1,1,-10
Roggenrola,55.0,75.0,85.0,25.0,25.0,15.0,7,-1,1,-10
Roselia,50.0,60.0,45.0,100.0,80.0,65.0,6,11,1,10
Roserade,60.0,70.0,65.0,125.0,105.0,90.0,6,11,0,50
Rotom,50.0,50.0,77.0,95.0,77.0,91.0,4,14,0,30
Rotom-Fan,50.0,65.0,107.0,105.0,107.0,86.0,4,9,0,0
Rotom-Frost,50.0,65.0,107.0,105.0,107.0,86.0,4,15,0,10
Rotom-Heat,50.0,65.0,107.0,105.0,107.0,86.0,4,5,0,70
Rotom-Mow,50.0,65.0,107.0,105.0,107.0,86.0,4,6,0,50
Rotom-Wash,50.0,65.0,107.0,105.0,107.0,86.0,4,17,0,90
Rowlet,68.0,55.0,55.0,50.0,50.0,42.0,6,9,1,-10
Rufflet,70.0,83.0,50.0,37.0,50.0,60.0,12,9,1,-10
Sableye,50.0,75.0,75.0,65.0,65.0,50.0,8,14,0,10
Salamence,95.0,135.0,80.0,110.0,80.0,100.0,2,9,0,80
Salandit,48.0,44.0,40.0,71.0,40.0,77.0,11,5,1,-10
Salazzle,68.0,64.0,60.0,111.0,60.0,117.0,11,5,0,50
Samurott,95.0,100.0,85.0,108.0,70.0,70.0,17,-1,0,20
Sandile,50.0,72.0,35.0,35.0,35.0,65.0,10,8,1,-10
Sandshrew,50.0,75.0,85.0,20.0,30.0,40.0,10,-1,1,-10
Sandshrew-Alola,50.0,75.0,90.0,10.0,35.0,40.0,15,0,1,-10
Sandslash,75.0,100.0,110.0,45.0,55.0,65.0,10,-1,0,0
Sandslash-Alola,75.0,100.0,120.0,25.0,65.0,65.0,15,0,0,10
Sandygast,55.0,55.0,80.0,70.0,45.0,15.0,14,10,1,-10
Sawk,75.0,125.0,75.0,30.0,75.0,85.0,13,-1,0,20
Sawsbuck,80.0,100.0,70.0,60.0,70.0,95.0,12,6,0,0
Scatterbug,38.0,35.0,40.0,27.0,25.0,35.0,3,-1,1,-10
Sceptile,70.0,85.0,65.0,105.0,85.0,120.0,6,-1,0,30
Scizor,70.0,130.0,100.0,55.0,80.0,65.0,3,0,0,70
Scolipede,60.0,100.0,89.0,55.0,69.0,112.0,3,11,0,80
Scrafty,65.0,90.0,115.0,45.0,115.0,58.0,8,13,0,30
Scraggy,50.0,75.0,70.0,35.0,70.0,48.0,8,13,1,-10
Scyther,70.0,110.0,80.0,55.0,80.0,105.0,3,9,1,10
Seadra,55.0,65.0,95.0,95.0,45.0,85.0,17,-1,1,0
Seaking,80.0,92.0,65.0,65.0,80.0,68.0,17,-1,0,0
Sealeo,90.0,60.0,70.0,75.0,70.0,45.0,15,17,1,0
Seedot,40.0,40.0,50.0,30.0,30.0,30.0,6,-1,1,-10
Seel,65.0,45.0,55.0,45.0,70.0,45.0,17,-1,1,-10
Seismitoad,105.0,95.0,75.0,85.0,75.0,74.0,17,10,0,30
Sentret,35.0,46.0,34.0,35.0,45.0,20.0,12,-1,1,-10
Serperior,75.0,75.0,95.0,75.0,95.0,113.0,6,-1,0,90
Servine,60.0,60.0,75.0,60.0,75.0,83.0,6,-1,1,0
Seviper,73.0,100.0,60.0,100.0,60.0,65.0,11,-1,0,0
Sewaddle,45.0,53.0,70.0,40.0,60.0,42.0,3,6,1,-10
Sharpedo,70.0,120.0,40.0,95.0,40.0,95.0,17,8,0,60
Shaymin,100.0,100.0,100.0,100.0,100.0,100.0,6,-1,0,50
Shaymin-Sky,100.0,103.0,75.0,120.0,75.0,127.0,6,9,0,100
Shedinja,1.0,90.0,45.0,30.0,30.0,40.0,3,14,0,0
Shelgon,65.0,95.0,100.0,60.0,50.0,50.0,2,-1,1,0
Shellder,30.0,65.0,100.0,45.0,25.0,40.0,17,-1,1,-10
Shellos,76.0,48.0,48.0,57.0,62.0,34.0,17,-1,1,-10
Shelmet,50.0,40.0,85.0,40.0,65.0,25.0,3,-1,1,-10
Shieldon,30.0,42.0,118.0,42.0,88.0,30.0,7,0,1,-10
Shiftry,90.0,100.0,60.0,90.0,60.0,80.0,6,8,0,0
Shiinotic,60.0,45.0,80.0,90.0,100.0,30.0,6,1,0,0
Shinx,45.0,65.0,34.0,40.0,34.0,45.0,4,-1,1,-10
Shroomish,60.0,40.0,60.0,40.0,60.0,35.0,6,-1,1,-10
Shuckle,20.0,10.0,230.0,10.0,230.0,5.0,3,7,0,0
Shuppet,44.0,75.0,35.0,63.0,33.0,45.0,14,-1,1,-10
Sigilyph,72.0,58.0,80.0,103.0,80.0,97.0,16,9,0,30
Silcoon,50.0,35.0,55.0,25.0,25.0,15.0,3,-1,1,0
Silvally,95.0,95.0,95.0,95.0,95.0,95.0,12,-1,0,0
Silvally-Bug,95.0,95.0,95.0,95.0,95.0,95.0,3,-1,0,0
Silvally-Dark,95.0,95.0,95.0,95.0,95.0,95.0,8,-1,0,0
Silvally-Dragon,95.0,95.0,95.0,95.0,95.0,95.0,2,-1,0,0
Silvally-Electric,95.0,95.0,95.0,95.0,95.0,95.0,4,-1,0,0
Silvally-Fairy,95.0,95.0,95.0,95.0,95.0,95.0,1,-1,0,10
Silvally-Fighting,95.0,95.0,95.0,95.0,95.0,95.0,13,-1,0,0
Silvally-Fire,95.0,95.0,95.0,95.0,95.0,95.0,5,-1,0,0
Silvally-Flying,95.0,95.0,95.0,95.0,95.0,95.0,9,-1,0,0
Silvally-Ghost,95.0,95.0,95.0,95.0,95.0,95.0,14,-1,0,0
Silvally-Grass,95.0,95.0,95.0,95.0,95.0,95.0,6,-1,0,0
Silvally-Ground,95.0,95.0,95.0,95.0,95.0,95.0,10,-1,0,0
Silvally-Ice,95.0,95.0,95.0,95.0,95.0,95.0,15,-1,0,0
Silvally-Poison,95.0,95.0,95.0,95.0,95.0,95.0,11,-1,0,0
Silvally-Psychic,95.0,95.0,95.0,95.0,95.0,95.0,16,-1,0,0
Silvally-Rock,95.0,95.0,95.0,95.0,95.0,95.0,7,-1,0,0
Silvally-Steel,95.0,95.0,95.0,95.0,95.0,95.0,0,-1,0,30
Silvally-Water,95.0,95.0,95.0,95.0,95.0,95.0,17,-1,0,0
Simipour,75.0,98.0,63.0,98.0,63.0,101.0,17,-1,0,0
Simisage,75.0,98.0,63.0,98.0,63.0,101.0,6,-1,0,0
Simisear,75.0,98.0,63.0,98.0,63.0,101.0,5,-1,0,0
Skarmory,65.0,80.0,140.0,40.0,70.0,70.0,0,9,0,90
Skiddo,66.0,65.0,48.0,62.0,57.0,52.0,6,-1,1,-10
Skiploom,55.0,45.0,50.0,45.0,65.0,80.0,6,9,1,0
Skitty,50.0,45.0,45.0,35.0,35.0,50.0,12,-1,1,-10
Skorupi,40.0,50.0,90.0,30.0,55.0,65.0,11,3,1,-10
Skrelp,50.0,60.0,60.0,60.0,60.0,30.0,11,17,1,-10
Skuntank,103.0,93.0,67.0,71.0,61.0,84.0,11,8,0,10
Slaking,150.0,160.0,100.0,95.0,65.0,100.0,12,-1,0,0
Slakoth,60.0,60.0,60.0,35.0,35.0,30.0,12,-1,1,-10
Sliggoo,68.0,75.0,53.0,83.0,113.0,60.0,2,-1,1,0
Slowbro,95.0,75.0,110.0,100.0,80.0,30.0,17,16,0,50
Slowking,95.0,75.0,80.0,100.0,110.0,30.0,17,16,0,30
Slowpoke,90.0,65.0,65.0,40.0,40.0,15.0,17,16,1,-10
Slugma,40.0,40.0,40.0,70.0,40.0,20.0,5,-1,1,-10
Slurpuff,82.0,80.0,86.0,85.0,75.0,72.0,1,-1,0,40
Smeargle,55.0,20.0,35.0,20.0,45.0,75.0,12,-1,0,0
Smoochum,45.0,30.0,15.0,85.0,65.0,65.0,15,16,1,-10
Sneasel,55.0,95.0,55.0,35.0,75.0,115.0,8,15,1,30
Snivy,45.0,45.0,55.0,45.0,55.0,63.0,6,-1,1,-10
Snorlax,160.0,110.0,65.0,65.0,110.0,30.0,12,-1,0,50
Snorunt,50.0,50.0,50.0,50.0,50.0,50.0,15,-1,1,-10
Snover,60.0,62.0,50.0,62.0,60.0,40.0,6,15,1,-10
Snubbull,60.0,80.0,50.0,40.0,40.0,30.0,1,-1,1,-10
Solgaleo,137.0,137.0,107.0,113.0,89.0,97.0,16,0,0,100
Solosis,45.0,30.0,40.0,105.0,50.0,20.0,16,-1,1,-10
Solrock,90.0,95.0,85.0,55.0,65.0,70.0,7,16,0,0
Spearow,40.0,60.0,30.0,31.0,31.0,70.0,12,9,1,-10
Spewpa,45.0,22.0,60.0,27.0,30.0,29.0,3,-1,1,0
Spheal,70.0,40.0,50.0,55.0,50.0,25.0,15,17,1,-10
Spinarak,40.0,60.0,40.0,40.0,40.0,30.0,3,11,1,-10
Spinda,60.0,60.0,60.0,60.0,60.0,60.0,12,-1,0,0
Spiritomb,50.0,92.0,108.0,92.0,108.0,35.0,14,8,0,10
Spoink,60.0,25.0,35.0,70.0,80.0,60.0,16,-1,1,-10
Spritzee,78.0,52.0,60.0,63.0,65.0,23.0,1,-1,1,-10
Squirtle,44.0,48.0,65.0,50.0,64.0,43.0,17,-1,1,-10
Stakataka,61.0,131.0,211.0,53.0,101.0,13.0,7,0,0,60
Stantler,73.0,95.0,62.0,85.0,65.0,85.0,12,-1,0,0
Staraptor,85.0,120.0,70.0,50.0,60.0,100.0,12,9,0,80
Staravia,55.0,75.0,50.0,40.0,40.0,80.0,12,9,1,0
Starly,40.0,55.0,30.0,30.0,30.0,60.0,12,9,1,-10
Starmie,60.0,75.0,85.0,100.0,85.0,115.0,17,16,0,70
Staryu,30.0,45.0,55.0,70.0,55.0,85.0,17,-1,1,-10
Steelix,75.0,85.0,200.0,55.0,65.0,30.0,0,10,0,30
Steenee,52.0,40.0,48.0,40.0,48.0,62.0,6,-1,1,0
Stoutland,85.0,110.0,90.0,45.0,90.0,80.0,12,-1,0,10
Stufful,70.0,75.0,50.0,45.0,50.0,50.0,12,13,1,-10
Stunfisk,109.0,66.0,84.0,81.0,99.0,32.0,10,4,0,0
Stunky,63.0,63.0,47.0,41.0,41.0,74.0,11,8,1,-10
Sudowoodo,70.0,100.0,115.0,30.0,65.0,30.0,7,-1,0,0
Suicune,100.0,75.0,115.0,90.0,115.0,85.0,17,-1,0,70
Sunflora,75.0,75.0,55.0,105.0,85.0,30.0,6,-1,0,0
Sunkern,30.0,30.0,30.0,30.0,30.0,30.0,6,-1,1,-10
Surskit,40.0,30.0,32.0,50.0,52.0,65.0,3,17,1,-10
Swablu,45.0,40.0,60.0,40.0,75.0,50.0,12,9,1,-10
Swadloon,55.0,63.0,90.0,50.0,80.0,42.0,3,6,1,0
Swalot,100.0,73.0,83.0,73.0,83.0,55.0,11,-1,0,0
Swampert,100.0,110.0,90.0,85.0,90.0,60.0,17,10,0,70
Swanna,75.0,87.0,63.0,87.0,63.0,98.0,17,9,0,0
Swellow,60.0,85.0,60.0,75.0,50.0,125.0,12,9,0,50
Swinub,50.0,50.0,40.0,30.0,30.0,50.0,15,10,1,-10
Swirlix,62.0,48.0,66.0,59.0,57.0,49.0,1,-1,1,0
Swoobat,67.0,57.0,55.0,77.0,55.0,114.0,16,9,0,0
Sylveon,95.0,65.0,65.0,110.0,130.0,60.0,1,-1,0,70
Taillow,40.0,55.0,30.0,30.0,30.0,85.0,12,9,1,-10
Talonflame,78.0,81.0,71.0,74.0,69.0,126.0,5,9,0,60
Tangela,65.0,55.0,115.0,100.0,40.0,60.0,6,-1,1,10
Tangrowth,100.0,100.0,125.0,110.0,50.0,50.0,6,-1,0,90
Tapu Bulu,70.0,130.0,115.0,85.0,95.0,75.0,6,1,0,90
Tapu Fini,70.0,75.0,115.0,95.0,130.0,85.0,17,1,0,90
Tapu Koko,70.0,115.0,85.0,95.0,75.0,130.0,4,1,0,90
Tapu Lele,70.0,85.0,75.0,130.0,115.0,95.0,16,1,0,90
Tauros,75.0,100.0,95.0,40.0,70.0,110.0,12,-1,0,20
Teddiursa,60.0,80.0,50.0,50.0,50.0,40.0,12,-1,1,-10
Tentacool,40.0,40.0,35.0,50.0,100.0,70.0,17,11,1,-10
Tentacruel,80.0,70.0,65.0,80.0,120.0,100.0,17,11,0,70
Tepig,65.0,63.0,45.0,45.0,45.0,45.0,5,-1,1,-10
Terrakion,91.0,129.0,90.0,72.0,90.0,108.0,7,13,0,70
Throh,120.0,100.0,85.0,30.0,85.0,45.0,13,-1,0,0
Thundurus,79.0,115.0,70.0,125.0,80.0,111.0,4,9,0,80
Thundurus-Therian,79.0,105.0,70.0,145.0,80.0,101.0,4,9,0,80
Timburr,75.0,80.0,55.0,25.0,35.0,35.0,13,-1,1,-10
Tirtouga,54.0,78.0,103.0,53.0,45.0,22.0,17,7,1,-10
Togedemaru,65.0,98.0,63.0,40.0,73.0,96.0,4,0,0,30
Togekiss,85.0,50.0,95.0,120.0,115.0,80.0,1,9,0,70
Togepi,35.0,20.0,65.0,40.0,65.0,20.0,1,-1,1,-10
Togetic,55.0,40.0,85.0,80.0,105.0,40.0,1,9,1,0
Torchic,45.0,60.0,40.0,70.0,50.0,45.0,5,-1,1,-10
Torkoal,70.0,85.0,140.0,85.0,70.0,20.0,5,-1,0,0
Tornadus,79.0,115.0,70.0,125.0,80.0,111.0,9,-1,0,60
Tornadus-Therian,79.0,100.0,80.0,110.0,90.0,121.0,9,-1,0,90
Torracat,65.0,85.0,50.0,80.0,50.0,90.0,5,-1,1,0
Torterra,95.0,109.0,105.0,75.0,85.0,56.0,6,10,0,30
Totodile,50.0,65.0,64.0,44.0,48.0,43.0,17,-1,1,-10
Toucannon,80.0,120.0,75.0,75.0,75.0,60.0,12,9,0,0
Toxapex,50.0,63.0,152.0,53.0,142.0,35.0,11,17,0,90
Toxicroak,83.0,106.0,65.0,86.0,65.0,85.0,11,13,0,50
Tranquill,62.0,77.0,62.0,50.0,42.0,65.0,12,9,1,0
Trapinch,45.0,100.0,45.0,45.0,45.0,10.0,10,-1,1,0
Treecko,40.0,45.0,35.0,65.0,55.0,70.0,6,-1,1,-10
Trevenant,85.0,110.0,76.0,65.0,82.0,56.0,14,6,0,0
Tropius,99.0,68.0,83.0,72.0,87.0,51.0,6,9,0,0
Trubbish,50.0,50.0,62.0,40.0,62.0,65.0,11,-1,1,-10
Trumbeak,55.0,85.0,50.0,40.0,50.0,75.0,12,9,1,0
Tsareena,72.0,120.0,98.0,50.0,98.0,72.0,6,-1,0,50
Turtonator,60.0,78.0,135.0,91.0,85.0,36.0,5,2,0,0
Turtwig,55.0,68.0,64.0,45.0,55.0,31.0,6,-1,1,-10
Tympole,50.0,50.0,40.0,50.0,40.0,64.0,17,-1,1,-10
Tynamo,35.0,55.0,40.0,45.0,40.0,60.0,4,-1,1,-10
Type,95.0,95.0,95.0,95.0,95.0,59.0,12,-1,1,0
Typhlosion,78.0,84.0,78.0,109.0,85.0,100.0,5,-1,0,30
Tyranitar,100.0,134.0,110.0,95.0,100.0,61.0,7,8,0,90
Tyrantrum,82.0,121.0,119.0,69.0,59.0,71.0,7,2,0,50
Tyrogue,35.0,35.0,35.0,35.0,35.0,35.0,13,-1,1,-10
Tyrunt,58.0,89.0,77.0,45.0,45.0,48.0,7,2,1,-10
Umbreon,95.0,65.0,110.0,60.0,130.0,65.0,8,-1,0,50
Unfezant,80.0,115.0,80.0,65.0,55.0,93.0,12,9,0,0
Unown,48.0,72.0,48.0,72.0,48.0,48.0,16,-1,0,0
Ursaring,90.0,130.0,75.0,75.0,75.0,55.0,12,-1,0,0
Uxie,75.0,75.0,130.0,75.0,130.0,95.0,16,-1,0,50
Vanillish,51.0,65.0,65.0,80.0,75.0,59.0,15,-1,1,0
Vanillite,36.0,50.0,50.0,65.0,60.0,44.0,15,-1,1,-10
Vanilluxe,71.0,95.0,85.0,110.0,95.0,79.0,15,-1,0,40
Vaporeon,130.0,65.0,60.0,110.0,95.0,65.0,17,-1,0,30
Venipede,30.0,45.0,59.0,30.0,39.0,57.0,3,11,1,-10
Venomoth,70.0,65.0,60.0,90.0,75.0,90.0,3,11,0,60
Venonat,60.0,55.0,50.0,40.0,55.0,45.0,3,11,1,-10
Venusaur,80.0,82.0,83.0,100.0,100.0,80.0,6,11,0,40
Vespiquen,70.0,80.0,102.0,80.0,102.0,40.0,3,9,0,0
Vibrava,50.0,70.0,50.0,50.0,50.0,70.0,10,2,1,0
Victini,100.0,100.0,100.0,100.0,100.0,100.0,16,5,0,90
Victreebel,80.0,105.0,65.0,100.0,70.0,70.0,6,11,0,10
Vigoroth,80.0,80.0,80.0,55.0,55.0,90.0,12,-1,1,0
Vikavolt,77.0,70.0,90.0,145.0,75.0,43.0,3,4,0,30
Vileplume,75.0,80.0,85.0,110.0,90.0,50.0,6,11,0,40
Virizion,91.0,90.0,72.0,90.0,129.0,108.0,6,13,0,50
Vivillon,80.0,52.0,50.0,90.0,50.0,89.0,3,9,0,30
Volbeat,65.0,73.0,75.0,47.0,85.0,85.0,3,-1,0,0
Volcanion,80.0,110.0,120.0,130.0,90.0,70.0,5,17,0,70
Volcarona,85.0,60.0,65.0,135.0,105.0,100.0,3,5,0,90
Voltorb,40.0,30.0,50.0,55.0,55.0,100.0,4,-1,1,-10
Vullaby,70.0,55.0,75.0,45.0,65.0,60.0,8,9,1,-10
Vulpix,38.0,41.0,40.0,50.0,65.0,65.0,5,-1,1,0
Vulpix-Alola,38.0,41.0,40.0,50.0,65.0,65.0,15,-1,1,-10
Wailmer,130.0,70.0,35.0,70.0,35.0,60.0,17,-1,1,-10
Wailord,170.0,90.0,45.0,90.0,45.0,60.0,17,-1,0,0
Walrein,110.0,80.0,90.0,95.0,90.0,65.0,15,17,0,0
Wartortle,59.0,63.0,80.0,65.0,80.0,58.0,17,-1,1,0
Watchog,60.0,85.0,69.0,60.0,69.0,77.0,12,-1,0,0
Weavile,70.0,120.0,65.0,45.0,85.0,125.0,8,15,0,80
Weedle,40.0,35.0,30.0,20.0,20.0,50.0,3,11,1,-10
Weepinbell,65.0,90.0,50.0,85.0,45.0,55.0,6,11,1,0
Weezing,65.0,90.0,120.0,85.0,70.0,60.0,11,-1,0,30
Whimsicott,60.0,67.0,85.0,77.0,75.0,116.0,6,1,0,30
Whirlipede,40.0,55.0,99.0,40.0,79.0,47.0,3,11,1,0
Whiscash,110.0,78.0,73.0,76.0,71.0,60.0,17,10,0,0
Whismur,64.0,51.0,23.0,51.0,23.0,28.0,12,-1,1,-10
Wigglytuff,140.0,70.0,45.0,85.0,50.0,45.0,12,1,0,0
Wimpod,25.0,35.0,40.0,20.0,30.0,80.0,3,17,1,-10
Wingull,40.0,30.0,30.0,55.0,30.0,85.0,17,9,1,0
Wishiwashi,45.0,20.0,20.0,25.0,25.0,40.0,17,-1,0,0
Wobbuffet,190.0,33.0,58.0,33.0,58.0,33.0,16,-1,0,0
Woobat,65.0,45.0,43.0,55.0,43.0,72.0,16,9,1,-10
Wooper,55.0,45.0,45.0,25.0,25.0,15.0,17,10,1,-10
Wormadam,60.0,59.0,85.0,79.0,105.0,36.0,3,6,0,0
Wormadam-Sandy,60.0,79.0,105.0,59.0,85.0,36.0,3,10,0,0
Wormadam-Trash,60.0,69.0,95.0,69.0,95.0,36.0,3,0,0,0
Wurmple,45.0,45.0,35.0,20.0,30.0,20.0,3,-1,1,-10
Wynaut,95.0,23.0,48.0,23.0,48.0,23.0,16,-1,1,-10
Xatu,65.0,75.0,70.0,95.0,70.0,95.0,16,9,0,30
Xerneas,126.0,131.0,95.0,131.0,98.0,99.0,1,-1,0,100
Xurkitree,83.0,89.0,71.0,173.0,71.0,83.0,4,-1,0,80
Yamask,38.0,30.0,85.0,55.0,65.0,30.0,14,-1,1,-10
Yanma,65.0,65.0,45.0,75.0,45.0,95.0,3,9,1,0
Yanmega,86.0,76.0,86.0,116.0,56.0,95.0,3,9,0,50
Yungoos,48.0,70.0,30.0,30.0,30.0,45.0,12,-1,1,-10
Yveltal,126.0,131.0,95.0,131.0,98.0,99.0,8,9,0,100
Zangoose,73.0,115.0,60.0,60.0,60.0,90.0,12,-1,0,0
Zapdos,90.0,90.0,85.0,125.0,90.0,100.0,4,9,0,90
Zebstrika,75.0,100.0,63.0,80.0,63.0,116.0,4,-1,0,0
Zekrom,100.0,150.0,120.0,120.0,100.0,90.0,2,4,0,100
Zeraora,88.0,112.0,75.0,102.0,80.0,143.0,4,-1,0,70
Zigzagoon,38.0,30.0,41.0,30.0,41.0,60.0,12,-1,1,-10
Zoroark,60.0,105.0,60.0,120.0,60.0,105.0,8,-1,0,60
Zorua,40.0,65.0,40.0,80.0,40.0,65.0,8,-1,1,-10
Zubat,40.0,45.0,35.0,30.0,40.0,55.0,11,9,1,-10
Zweilous,72.0,85.0,70.0,65.0,70.0,58.0,8,2,1,0
Zygarde,108.0,100.0,121.0,81.0,95.0,95.0,2,10,0,100
Zygarde-10%,54.0,100.0,71.0,61.0,85.0,115.0,2,10,0,50
Syclar,40.0,76.0,45.0,74.0,39.0,91.0,15,3,1,-20
Syclant,70.0,116.0,70.0,114.0,64.0,121.0,15,3,0,-20
Revenankh,90.0,105.0,90.0,65.0,110.0,65.0,14,13,0,-20
Embirch,60.0,40.0,55.0,65.0,40.0,60.0,5,6,1,-20
Flarelm,90.0,50.0,95.0,75.0,70.0,40.0,5,6,1,-20
Pyroak,120.0,70.0,105.0,95.0,90.0,60.0,5,6,0,-20
Fidgit,95.0,76.0,109.0,90.0,80.0,105.0,11,10,0,-20
Breezi,50.0,46.0,69.0,60.0,50.0,75.0,11,9,1,-20
Rebble,45.0,25.0,65.0,75.0,55.0,80.0,7,-1,1,-20
Tactite,70.0,40.0,65.0,100.0,65.0,95.0,7,-1,1,-20
Stratagem,90.0,60.0,65.0,120.0,70.0,130.0,7,-1,0,-20
Privatyke,45.0,25.0,65.0,75.0,55.0,80.0,17,13,1,-20
Arghonaut,105.0,110.0,95.0,70.0,100.0,75.0,17,13,0,-20
Kitsunoh,80.0,103.0,85.0,55.0,80.0,110.0,0,14,0,-20
Cyclohm,108.0,60.0,118.0,112.0,70.0,80.0,4,2,0,-20
Colossoil,133.0,122.0,72.0,71.0,72.0,95.0,8,10,0,-20
Krilowatt,151.0,84.0,73.0,83.0,74.0,105.0,4,17,0,-20
Voodoll,55.0,40.0,55.0,75.0,50.0,70.0,12,8,1,-20
Voodoom,90.0,85.0,80.0,105.0,80.0,110.0,13,8,0,-20
Scratchet,55.0,85.0,80.0,20.0,70.0,40.0,12,13,1,-20
Tomohawk,105.0,60.0,90.0,115.0,80.0,85.0,9,13,0,-20
Necturine,50.0,46.0,69.0,60.0,50.0,75.0,6,14,1,-20
Necturna,64.0,120.0,100.0,85.0,120.0,58.0,6,14,0,-20
Mollux,95.0,45.0,83.0,131.0,105.0,76.0,5,11,0,-20
Cupra,50.0,60.0,49.0,67.0,30.0,44.0,3,16,1,-20
Argalis,60.0,90.0,89.0,87.0,40.0,54.0,3,16,1,-20
Aurumoth,110.0,120.0,99.0,117.0,60.0,94.0,3,16,0,-20
Brattler,80.0,70.0,40.0,20.0,90.0,30.0,8,6,1,-20
Malaconda,115.0,100.0,60.0,40.0,130.0,55.0,8,6,0,-20
Cawdet,35.0,72.0,85.0,40.0,55.0,88.0,0,9,1,-20
Cawmodore,50.0,92.0,130.0,65.0,75.0,118.0,0,9,0,-20
Volkritter,60.0,30.0,50.0,80.0,60.0,70.0,17,5,1,-20
Volkraken,100.0,45.0,80.0,135.0,100.0,95.0,17,5,0,-20
Snugglow,40.0,37.0,79.0,91.0,68.0,70.0,4,11,1,-20
Plasmanta,60.0,57.0,119.0,131.0,98.0,100.0,4,11,0,-20
Floatoy,48.0,70.0,40.0,70.0,30.0,77.0,17,0,1,-20
Caimanoe,73.0,85.0,65.0,80.0,40.0,87.0,17,0,1,-20
Naviathan,103.0,110.0,90.0,95.0,65.0,97.0,17,0,0,-20
Crucibelle,106.0,105.0,65.0,75.0,85.0,104.0,7,11,0,-20
Pluffle,74.0,38.0,51.0,65.0,78.0,49.0,1,-1,1,-20
Kerfluffle,84.0,78.0,86.0,115.0,88.0,119.0,1,13,0,-20
Pajantom,84.0,133.0,71.0,51.0,111.0,101.0,2,14,0,-20
Mumbao,55.0,30.0,64.0,87.0,73.0,66.0,6,1,1,-20
Jumbao,92.0,63.0,97.0,124.0,104.0,96.0,6,1,0,-20
Caribolt,84.0,106.0,82.0,77.0,80.0,106.0,6,4,0,-20
Smokomodo,88.0,116.0,67.0,88.0,78.0,97.0,5,10,0,-20
Snaelstrom,91.0,94.0,110.0,80.0,97.0,63.0,17,3,0,-20
Equilibra,102.0,50.0,96.0,133.0,118.0,60.0,0,10,0,-20
Necrozma-Ultra,97.0,167.0,97.0,167.0,97.0,129.0,16,2,0,100
Altaria-Mega,75.0,110.0,110.0,110.0,105.0,80.0,2,1,0,70
Mawile-Mega,50.0,105.0,125.0,55.0,95.0,50.0,0,1,0,90
Rayquaza-Mega,105.0,180.0,100.0,180.0,100.0,115.0,2,9,0,110
Lopunny-Mega,65.0,136.0,94.0,54.0,96.0,135.0,12,13,0,90
Gallade-Mega,68.0,165.0,95.0,65.0,115.0,110.0,16,13,0,80
Groudon-Primal,100.0,180.0,160.0,150.0,90.0,90.0,10,5,0,100
Banette-Mega,64.0,165.0,75.0,93.0,83.0,75.0,14,-1,0,50
Charizard-Mega-X,78.0,130.0,111.0,130.0,85.0,100.0,5,2,0,90
Diancie-Mega,50.0,160.0,110.0,160.0,110.0,110.0,7,1,0,90
Minior-Meteor,60.0,60.0,100.0,60.0,100.0,60.0,7,9,0,30
Meloetta-Pirouette,100.0,128.0,90.0,77.0,77.0,128.0,12,13,0,60
Steelix-Mega,75.0,125.0,230.0,55.0,95.0,30.0,0,10,0,70
Zygarde-Complete,216.0,100.0,121.0,91.0,95.0,85.0,2,10,0,100
Alakazam-Mega,55.0,50.0,65.0,175.0,105.0,150.0,16,-1,0,90
Latios-Mega,80.0,130.0,100.0,160.0,120.0,110.0,2,16,0,80
Tyranitar-Mega,100.0,164.0,150.0,95.0,120.0,71.0,7,8,0,90
Gyarados-Mega,95.0,155.0,109.0,70.0,130.0,81.0,17,8,0,90
Medicham-Mega,60.0,100.0,85.0,80.0,85.0,100.0,13,16,0,90
Darmanitan-Zen,105.0,30.0,105.0,140.0,105.0,55.0,5,16,0,60
Pidgeot-Mega,83.0,80.0,80.0,135.0,80.0,121.0,12,9,0,70
Pinsir-Mega,65.0,155.0,120.0,65.0,90.0,105.0,3,9,0,80
Manectric-Mega,70.0,75.0,80.0,135.0,80.0,135.0,4,-1,0,70
Aggron-Mega,70.0,140.0,230.0,60.0,80.0,50.0,0,-1,0,70
Aegislash-Blade,60.0,150.0,50.0,150.0,50.0,60.0,0,14,0,100
Scizor-Mega,70.0,150.0,140.0,65.0,100.0,75.0,3,0,0,90
Kyogre-Primal,100.0,150.0,90.0,180.0,160.0,90.0,17,-1,0,100
Garchomp-Mega,108.0,170.0,115.0,120.0,95.0,92.0,2,10,0,90
Aerodactyl-Mega,80.0,135.0,85.0,70.0,95.0,150.0,7,9,0,70
Mewtwo-Mega-X,106.0,190.0,100.0,154.0,100.0,130.0,16,13,0,100
Sceptile-Mega,70.0,110.0,75.0,145.0,85.0,145.0,6,2,0,50
Ampharos-Mega,90.0,95.0,105.0,165.0,110.0,45.0,4,2,0,50
Houndoom-Mega,75.0,90.0,90.0,140.0,90.0,115.0,8,5,0,60
Crucibelle-Mega,106.0,135.0,75.0,91.0,125.0,108.0,7,11,0,-20
Gengar-Mega,60.0,65.0,80.0,170.0,95.0,130.0,14,11,0,100
Audino-Mega,103.0,60.0,126.0,80.0,126.0,50.0,12,1,0,30
Blaziken-Mega,80.0,160.0,80.0,130.0,80.0,100.0,5,13,0,100
Absol-Mega,65.0,150.0,60.0,115.0,60.0,115.0,8,-1,0,60
Wishiwashi-School,45.0,140.0,130.0,140.0,135.0,30.0,17,-1,0,0
Glalie-Mega,80.0,120.0,80.0,120.0,80.0,100.0,15,-1,0,30
Camerupt-Mega,70.0,120.0,100.0,145.0,105.0,20.0,5,10,0,40
Charizard-Mega-Y,78.0,104.0,78.0,159.0,115.0,100.0,5,9,0,90
Kangaskhan-Mega,105.0,125.0,100.0,60.0,100.0,100.0,12,-1,0,100
Lucario-Mega,70.0,145.0,88.0,140.0,70.0,112.0,13,0,0,100
Sharpedo-Mega,70.0,140.0,70.0,110.0,65.0,105.0,17,8,0,70
Venusaur-Mega,80.0,100.0,123.0,122.0,120.0,80.0,6,11,0,80
Swampert-Mega,100.0,150.0,110.0,95.0,110.0,70.0,17,10,0,90
Metagross-Mega,80.0,145.0,150.0,105.0,110.0,110.0,0,16,0,100
Salamence-Mega,95.0,145.0,130.0,120.0,90.0,120.0,2,9,0,100
Slowbro-Mega,95.0,75.0,180.0,130.0,80.0,30.0,17,16,0,60
Mewtwo-Mega-Y,106.0,150.0,70.0,194.0,120.0,140.0,16,-1,0,100
Greninja-Ash,72.0,145.0,67.0,153.0,71.0,132.0,17,8,0,90
Heracross-Mega,80.0,185.0,115.0,40.0,105.0,75.0,3,13,0,80
Latias-Mega,80.0,100.0,120.0,140.0,150.0,110.0,2,16,0,80
Beedrill-Mega,65.0,150.0,40.0,15.0,80.0,145.0,3,11,0,70
Blastoise-Mega,79.0,103.0,120.0,135.0,115.0,78.0,17,-1,0,50
Gardevoir-Mega,68.0,85.0,65.0,165.0,135.0,100.0,16,1,0,80
Abomasnow-Mega,90.0,132.0,105.0,132.0,105.0,30.0,6,15,0,20
Sableye-Mega,50.0,85.0,125.0,85.0,115.0,20.0,8,14,0,80
